aig_name,inputs,latches,outputs,gates,correct_cnt,ic3_ac_cnt,ic3_ac_ratio,ic3_timeout,ic3_time,fsis_ac_cnt,fsis_ac_ratio,fsis_timeout,fsis_time,init_alg,all_timeout,gen_threshold,i234_time,if_frame,i234_ac_cnt,i234_ac_ratio 
pdtvismiim4.aig,41,86,1,893,216,185,0.856481481481482,0,0.067520380020142,25,0.115740740740741,0,0.128512382507324,Init4,false,0,5.701252,1,216,1
pdtvisns3p16.aig,21,117,1,3977,591,591,1,0,0.319032430648804,591,1,0,0.42925238609314,Init2,false,2,0.369642,1,591,1
kenflashp06.aig,45,47,1,1399,948,948,1,0,0.167827844619751,948,1,0,0.229136943817139,Init2,false,2,0.218398,1,948,1
boblivear.aig,5,77,1,321,976,0,0,0,43.3359036445618,0,0,0,2.9863862991333,Init2,false,8,25.938957,18,0,0
pdtvistictactoe12.aig,4,33,1,884,1000,1000,1,0,0.168455123901367,1000,1,0,0.278990507125854,Init2,false,2,0.168266,1,1000,1
pdtvisblackjack3.aig,5,104,1,3471,440,0,0,0,0.419108152389526,0,0,0,1.33174347877502,Init2,false,2,0.971071,8,0,0
nusmvreactorp5.aig,73,75,1,1224,929,929,1,0,0.168740510940552,929,1,0,0.228998899459839,Init2,false,2,0.218794,1,929,1
pdtvisvsa16a11.aig,32,236,1,6244,522,522,1,0,0.468708992004395,522,1,0,0.630288600921631,Init2,false,2,0.620691,1,522,1
6s421rb083.aig,153,951,1,6294,73,0,0,0,0.971283674240112,0,0,0,3.33807134628296,Init4,false,0,21.395538,1,73,1
pdtvisminmaxr1.aig,12,28,1,532,331,269,0.812688821752266,0,0.068426847457886,262,0.791540785498489,0,0.178886890411377,Init4,false,0,2.844413,1,331,1
6s374b114.aig,1051,26324,1,351902,8,0,0,0,14.3078908920288,0,0,1,1200.01435828209,Init2,false,2,43.675285,3,0,0
mentorbm1p02.aig,224,4377,1,31685,1000,864,0.864,0,4.02872514724731,0,0,0,40.7382378578186,Init2,false,16,5.189571,3,864,0.864
pdtvisheap05.aig,4,33,1,1150,614,614,1,0,0.118282556533813,614,1,0,0.178940534591675,Init2,false,2,0.121448,1,614,1
139442p0.aig,169,231,1,3439,1000,463,0.463,0,0.419513702392578,529,0.529,0,0.981497287750244,Init2,false,32,0.921236,1,529,0.529
6s406rb067.aig,208,10746,1,123785,1000,675,0.675,0,25.8889544010162,0,0,1,1200.01405763626,Init2,false,4,36.128119,3,880,0.88
bobuns2p10d20l.aig,20,20,1,3823,1000,1000,1,0,0.972018003463745,1000,1,0,1.58394718170166,Init2,false,2,1.072779,1,1000,1
139444p0.aig,289,375,1,7775,1000,502,0.502,0,1.07162761688232,502,0.502,0,2.5349018573761,Init2,false,32,1.977273,1,502,0.502
pdtvisminmaxr3.aig,12,28,1,459,1000,1000,1,0,0.068675518035889,1000,1,0,0.129727840423584,Init2,false,2,0.070858,1,1000,1
pdtswvsam4x8p3.aig,9,96,1,6376,141,1,0.00709219858156,0,9.49308395385742,0,0,1,1200.0142185688,Init2,false,8,10.747983,43,3,0.021276595744681
kenflashp11.aig,73,75,1,6218,989,554,0.560161779575328,0,0.469576597213745,489,0.494438827098079,0,0.529709100723267,Init2,false,2,31.352098,2,919,0.929221435793731
pdtvisns3p14.aig,21,117,1,3977,733,733,1,0,0.368988513946533,733,1,0,0.429605722427368,Init2,false,2,0.421602,1,733,1
6s384rb024.aig,7415,14952,1,65415,694,133,0.19164265129683,0,4.57988452911377,1,0.001440922190202,0,222.51814031601,Init4,false,0,87.003019,1,694,1
pdtvismiim2.aig,41,86,1,893,441,348,0.789115646258503,0,0.118474960327148,32,0.072562358276644,0,0.179024219512939,Init4,false,0,0.290947,1,441,1
pdtvisblackjack2.aig,5,104,1,3467,320,0,0,0,0.418900966644287,0,0,0,1.18170833587646,Init2,false,4,10.04506,15,0,0
pdtvisheap11.aig,4,33,1,1149,939,939,1,0,0.16840124130249,939,1,0,0.178247690200806,Init2,false,2,0.169448,1,939,1
pdtvisns3p00.aig,21,117,1,3985,670,0,0,0,5.68216824531555,0,0,0,106.063581705093,Init2,false,16,9.995737,10,13,0.019402985074627
beemsnpse4f1.aig,185,237,1,24157,711,4,0.005625879043601,0,125.103827476501,0,0,1,1200.01460981369,Init2,false,32,23.685019,13,523,0.735583684950774
beemfish4f1.aig,43,94,1,1323,534,0,0,0,54.8661248683929,0,0,1,1200.01432061195,Init2,false,16,28.295145,21,242,0.453183520599251
nusmvsyncarb10p2.aig,10,20,1,157,12,12,1,0,0.068242311477661,12,1,0,2.18455767631531,Init2,false,2,0.069357,10,12,1
pdtvisvsa16a25.aig,32,236,1,6244,519,519,1,0,0.468735456466675,519,1,0,0.680113077163696,Init2,false,2,0.521076,1,519,1
pdtvisvsa16a13.aig,32,236,1,6249,903,903,1,0,0.670198678970337,903,1,0,0.780848026275635,Init2,false,2,0.823278,1,903,1
kenflashp10.aig,60,61,1,4975,1000,1000,1,0,0.519329786300659,1000,1,0,0.429990530014038,Init2,false,2,0.570151,1,1000,1
beemlptna5f1.aig,365,231,1,5217,561,322,0.57397504456328,0,245.126741886139,0,0,0,41.4900951385498,Init2,false,32,43.692033,24,475,0.846702317290553
beemlup1b1.aig,81,35,1,2566,1000,630,0.63,0,0.269180059432983,932,0.932,0,9.90524435043335,Init4,false,0,27.509193,1,1000,1
6s271rb079.aig,208,10602,1,121021,1000,31,0.031,0,24.1313033103943,0,0,1,1200.01379776001,Init2,false,32,29.460717,7,94,0.094
bobtuint18neg.aig,213,212,1,2051,762,402,0.52755905511811,0,0.218752861022949,0,0,0,0.830156326293945,Init2,false,4,0.321446,2,658,0.863517060367454
pdtvisvsa16a12.aig,32,236,1,6261,480,480,1,0,0.469500541687012,480,1,0,0.729730129241943,Init2,false,2,0.571991,1,480,1
pdtvistwoall1.aig,30,33,1,1713,498,498,1,0,0.469332218170166,498,1,0,1.23134303092957,Init2,false,2,0.471449,1,498,1
6s421rb050.aig,153,951,1,6294,85,0,0,0,0.869637727737427,0,0,0,4.03978848457336,Init4,false,0,32.275199,1,85,1
bj08amba4g5.aig,11,36,1,13587,680,257,0.377941176470588,0,1.02113103866577,54,0.079411764705882,0,2.68344736099243,Init2,false,2,1.222832,1,276,0.405882352941177
6s206rb103.aig,9204,28643,1,143652,391,274,0.70076726342711,0,17.0646843910217,0,0,1,1200.01469135284,Init3,false,0,55.913875,1,391,1
pdtvisvsar15.aig,17,130,1,2122,522,522,1,0,0.218575239181518,522,1,0,0.329057693481445,Init2,false,2,0.227076,1,522,1
bjrb07amba2andenv.aig,7,26,1,1701,256,59,0.23046875,0,0.218801021575928,16,0.0625,0,0.430029630661011,Init2,false,8,0.22001,3,148,0.578125
bj08amba2g82.aig,7,26,1,1179,497,136,0.27364185110664,0,0.068580150604248,75,0.150905432595573,0,0.128520488739014,Init4,false,0,11.366755,1,497,1
pdtvisns2p6.aig,16,75,1,2514,740,740,1,0,0.218924999237061,740,1,0,0.279115200042725,Init2,false,2,0.270191,1,740,1
mentorbm1p06.aig,224,4377,1,31685,1000,235,0.235,0,2.72528076171875,0,0,0,60.6371281147003,Init2,false,2,11.001606,2,455,0.455
pdtvisheap09.aig,4,33,1,1149,944,944,1,0,0.168293714523315,944,1,0,0.178890943527222,Init2,false,2,0.170242,1,944,1
bj08amba2g1.aig,7,26,1,918,683,239,0.349926793557833,0,0.068286657333374,164,0.240117130307467,0,0.128548860549927,Init4,false,0,0.189105,1,683,1
pj2013.aig,1305,1271,1,34417,989,511,0.516683518705763,0,3.87673544883728,238,0.240647118301314,0,324.655938148499,Init2,false,16,6.590218,2,625,0.631951466127401
pdtvistictactoe11.aig,4,33,1,884,1000,1000,1,0,0.168447017669678,1000,1,0,0.32947301864624,Init2,false,2,0.169546,1,1000,1
pj2010.aig,366,355,1,18094,1000,599,0.599,0,2.2238872051239,530,0.53,0,3.73864197731018,Init2,false,8,3.277099,5,981,0.981
pdtvisvsa16a05.aig,32,236,1,6272,998,547,0.54809619238477,0,6.6356508731842,0,0,0,3.59001588821411,Init4,false,0,6.405556,1,998,1
pdtvisvsa16a02.aig,32,236,1,6244,624,624,1,0,0.56975507736206,624,1,0,0.680677175521851,Init2,false,2,0.621099,1,624,1
bjrb07amba3andenv.aig,9,32,1,7460,285,15,0.052631578947369,0,1.1717963218689,1,0.003508771929825,0,7.79975485801697,Init2,false,8,2.477392,7,31,0.108771929824561
bjrb07amba7andenv.aig,17,50,1,30018,285,6,0.021052631578947,0,19.773134469986,0,0,0,257.955232858658,Init2,false,4,15.410059,3,21,0.073684210526316
bobcount.aig,3,13,1,77,837,386,0.461170848267622,0,0.118524789810181,174,0.207885304659498,0,0.178788661956787,Init4,false,0,0.328435,1,837,1
lamport_nonatomic.5.prop1-func-interl.aig,365,231,0,5217,577,353,0.611785095320624,0,200.015636444092,0,0,0,35.4248058795929,Init2,false,8,45.69192,25,480,0.831889081455806
beemelev1f1.aig,38,197,1,2219,878,726,0.826879271070615,0,0.31855845451355,0,0,0,0.630399227142334,Init2,false,16,0.370479,4,774,0.881548974943052
6s391rb379.aig,433,2686,1,13716,679,483,0.711340206185567,0,1.42305088043213,0,0,0,47.5559856891632,Init2,false,2,2.177434,2,543,0.799705449189985
bj08amba5g82.aig,13,39,1,19848,479,122,0.254697286012526,0,1.12118220329285,7,0.014613778705637,0,3.13692021369934,Init2,false,2,1.373561,1,122,0.254697286012526
139462p0.aig,255,351,1,9657,1000,492,0.492,0,1.37187910079956,492,0.492,0,2.78621315956116,Init2,false,32,9.144146,1,371,0.371
texasPImainp12.aig,14,239,1,7987,826,65,0.078692493946731,0,0.319108724594116,12,0.01452784503632,0,0.580121517181397,Init2,false,2,0.771597,3,560,0.677966101694915
bj08amba4g82.aig,11,36,1,13478,479,121,0.252609603340292,0,0.769556760787964,51,0.106471816283925,0,2.23447966575623,Init2,false,2,0.972245,1,122,0.254697286012526
pdtvisretherrtf1.aig,3,46,1,1266,44,44,1,0,0.068596363067627,44,1,0,0.178341388702393,Init2,false,2,0.069646,1,44,1
mentorbm1p09.aig,224,4377,1,31685,1000,749,0.749,0,3.82864904403687,13,0.013,0,24.2371466159821,Init2,false,8,5.237734,4,826,0.826
mentorbm1p00.aig,224,4377,1,31685,1000,198,0.198,0,1.8719654083252,0,0,1,1200.01431369782,Init2,false,32,4.736674,6,149,0.149
beemlmprt5f1.aig,56,121,1,1453,645,177,0.274418604651163,0,30.6973233222961,0,0,1,1200.0148961544,Init2,false,16,8.242577,20,385,0.596899224806201
pdtvisheap12.aig,4,33,1,1149,947,947,1,0,0.168598890304565,947,1,0,0.178931951522827,Init2,false,2,0.170886,1,947,1
pdtvisvsar31.aig,17,130,1,2229,503,503,1,0,0.168747186660767,503,1,0,0.378259897232056,Init2,false,2,0.26958,1,503,1
kenflashp05.aig,63,65,1,4973,984,732,0.74390243902439,0,0.368962526321411,613,0.622967479674797,0,0.4804368019104,Init2,false,8,0.570832,2,863,0.877032520325203
beemat1f1.aig,43,86,1,1161,764,128,0.167539267015707,0,36.6698710918426,0,0,0,91.6173620223999,Init2,false,32,15.910671,22,506,0.662303664921466
pdtvistimeout2.aig,10,34,1,1077,278,228,0.820143884892086,0,0.118465900421143,189,0.679856115107914,0,0.179180145263672,Init4,false,0,3.295155,1,278,1
kenflashp09.aig,60,61,1,4989,995,995,1,0,0.469239473342896,995,1,0,0.380336761474609,Init2,false,2,0.469528,1,995,1
bj08amba2g3f3.aig,8,28,1,1400,424,79,0.186320754716981,0,0.51969051361084,17,0.040094339622642,0,0.529843330383301,Init4,false,0,17.783863,1,424,1
pdtvisns2p3.aig,16,75,1,2521,431,431,1,0,0.168385028839111,431,1,0,0.279145240783691,Init2,false,2,0.219173,1,431,1
pdtvisvsa16a15.aig,32,236,1,6265,538,538,1,0,0.519648313522339,538,1,0,0.780588626861572,Init2,false,2,0.620364,1,538,1
pdtvisvsar12.aig,17,130,1,2118,469,469,1,0,0.168273687362671,469,1,0,0.328912258148193,Init2,false,2,0.219138,1,469,1
nusmvreactorp3.aig,73,75,1,1226,983,613,0.623601220752798,0,0.218669891357422,498,0.506612410986775,0,0.329268455505371,Init2,false,16,0.219016,6,856,0.870803662258393
beemlann2f1.aig,36,149,1,1028,651,232,0.356374807987711,0,29.4961941242218,0,0,1,1200.01358175278,Init2,false,8,2.97702,24,491,0.754224270353303
pdtviseisenberg2.aig,3,30,1,2628,666,187,0.280780780780781,0,1.87375140190125,82,0.123123123123123,0,5.29318809509277,Init2,false,8,1.071113,14,229,0.343843843843844
visemodel.aig,11,15,1,314,824,824,1,0,0.068071603775025,824,1,0,0.130133390426636,Init2,false,2,0.069082,1,824,1
pdtvsar8multip23.aig,23,195,1,6956,522,522,1,0,0.469522953033447,522,1,0,0.580422639846802,Init2,false,2,0.619844,1,522,1
pdtswvibs8x8p2.aig,9,98,1,3449,492,100,0.203252032520325,0,0.769702434539795,456,0.926829268292683,0,0.529565095901489,Init4,false,0,1.291178,1,492,1
pj2005.aig,439,438,1,17353,999,50,0.05005005005005,0,3.97762608528137,42,0.042042042042042,0,62.1830077171326,Init2,false,16,5.785496,9,95,0.095095095095095
pdtvissoap2.aig,21,220,1,4740,245,0,0,0,1.22183632850647,0,0,1,1200.01390790939,Init2,false,4,4.580294,7,0,0
pdtvisheap02.aig,4,33,1,1149,930,930,1,0,0.16845703125,930,1,0,0.178834915161133,Init2,false,2,0.168759,1,930,1
visprodcellp01.aig,30,78,1,2805,848,18,0.02122641509434,0,0.469527959823608,0,0,0,0.73025393486023,Init2,false,16,0.319013,7,270,0.318396226415094
pdtvispeterson.aig,2,10,1,700,663,235,0.354449472096531,0,0.069043636322022,272,0.41025641025641,0,0.129104614257813,Init4,false,0,0.638466,1,663,1
bj08amba2g62.aig,7,26,1,1288,690,70,0.101449275362319,0,0.068392038345337,184,0.266666666666667,0,0.128705501556396,Init4,false,0,1.791189,1,690,1
6s362rb1.aig,13,1863,1,7955,760,426,0.560526315789474,0,0.970384120941162,0,0,0,11.8058018684387,Init2,false,2,1.223337,3,635,0.835526315789474
nusmvguidancep2.aig,84,86,1,1748,951,489,0.514195583596215,0,5.27987837791443,487,0.512092534174553,0,5.44034957885742,Init2,false,16,2.976221,15,515,0.541535226077813
pdtvisvsar07.aig,17,130,1,2134,995,169,0.169849246231156,0,1.67199969291687,31,0.031155778894472,0,0.680005550384522,Init4,false,0,2.243427,1,995,1
kenflashp01.aig,61,57,1,1233,978,590,0.603271983640082,0,0.118207693099976,522,0.533742331288344,0,0.228639125823975,Init2,false,16,0.169082,3,585,0.598159509202454
texasifetch1p3.aig,28,59,1,607,495,495,1,0,0.068437099456787,495,1,0,0.128420352935791,Init2,false,2,0.0684,1,495,1
shift1add2048.aig,4,20,1,108,935,910,0.973262032085562,0,12.2542545795441,902,0.964705882352941,0,0.078264236450195,Init4,false,0,16.45582,1,935,1
bjrb07amba9andenv.aig,21,59,1,72871,292,0,0,0,114.616575717926,0,0,0,1168.11825180054,Init2,false,4,53.314411,4,14,0.047945205479452
pdtswvroz10x6p2.aig,7,81,1,2925,313,78,0.249201277955272,0,106.904734373093,0,0,1,1200.01458859444,Init2,false,8,39.929659,88,116,0.370607028753994
pdtvistictactoe00.aig,4,33,1,876,575,575,1,0,0.118864297866821,575,1,0,0.178745269775391,Init2,false,2,0.119466,1,575,1
pdtvisns3p08.aig,21,117,1,3979,541,4,0.007393715341959,0,1.5222864151001,0,0,0,2.03464484214783,Init2,false,16,1.273214,11,18,0.033271719038817
nusmvguidancep9.aig,84,86,1,1730,948,487,0.513713080168776,0,3.87865972518921,489,0.515822784810127,0,1.53261494636536,Init2,false,8,2.829237,16,539,0.568565400843882
bobuns2p10d60l.aig,60,60,1,12303,1000,1000,1,0,3.32711958885193,1000,1,0,5.94456815719605,Init2,false,2,3.829029,1,1000,1
6s275rb318.aig,844,3196,1,25552,101,0,0,0,4.57941699028015,0,0,0,132.127105474472,Init2,false,2,8.545171,5,0,0
bobtuint26neg.aig,213,212,1,2051,470,0,0,0,0.369338750839233,0,0,0,2.8362135887146,Init2,false,32,0.370192,10,13,0.027659574468085
bj08amba3g62.aig,9,32,1,9825,691,49,0.070911722141824,0,0.269093751907349,49,0.070911722141824,0,0.931248426437378,Init2,false,2,0.571049,2,232,0.335745296671491
pdtvisvsar04.aig,17,130,1,2105,972,972,1,0,0.369418382644653,972,1,0,0.329229831695557,Init2,false,2,0.31915,4,972,1
beemelev2f1.aig,32,173,1,1743,880,366,0.415909090909091,0,0.218157052993774,0,0,0,0.532095909118652,Init2,false,8,0.27018,4,757,0.860227272727273
pdtvisheap08.aig,4,33,1,1149,926,926,1,0,0.168475389480591,926,1,0,0.178749322891235,Init2,false,2,0.169684,1,926,1
pdtvisns3p01.aig,21,117,1,3985,674,0,0,0,7.53756737709045,0,0,0,66.562495470047,Init2,false,16,9.694914,11,10,0.014836795252226
eijks208o.aig,10,16,1,146,4,4,1,0,0.068080425262451,4,1,0,663.605880022049,Init2,false,2,0.119187,33,4,1
pdtvisns3p10.aig,21,117,1,3988,245,245,1,0,0.218455076217651,245,1,0,0.379511833190918,Init2,false,2,0.269676,1,245,1
pdtvisvsar22.aig,17,130,1,2102,536,536,1,0,0.168514728546143,536,1,0,0.328744888305664,Init2,false,2,0.219968,1,536,1
pdtpmsusbphy.aig,14,164,1,740,773,773,1,0,0.117917537689209,773,1,0,0.279209852218628,Init2,false,2,0.170297,1,773,1
pdtvisvsa16a14.aig,32,236,1,6285,1000,1000,1,0,0.720308303833008,1000,1,0,0.729965209960938,Init2,false,2,0.821838,1,1000,1
pdtvisns3p17.aig,21,117,1,3977,586,586,1,0,0.31857419013977,586,1,0,0.429258108139038,Init2,false,2,0.370122,1,586,1
pdtvisvsar20.aig,17,130,1,2101,497,497,1,0,0.168569564819336,497,1,0,0.278725385665894,Init2,false,2,0.220019,1,497,1
bobtuint16neg.aig,213,212,1,2051,762,402,0.52755905511811,0,0.219071626663208,0,0,0,0.931095123291016,Init2,false,4,0.319866,2,658,0.863517060367454
rast-p01.aig,2840,2602,0,53736,742,742,1,0,8.19024848937988,742,1,0,10.4055194854736,Init2,false,2,9.361275,1,742,1
6s132.aig,94,139,1,1216,50,0,0,0,17.5155367851257,0,0,0,85.7570719718933,Init2,false,8,9.694689,9,0,0
pj2007.aig,396,393,1,17018,1000,38,0.038,0,8.89222145080566,94,0.094,0,12.5126438140869,Init2,false,32,4.080357,11,436,0.436
pdtpmss1269b.aig,18,106,1,813,37,9,0.243243243243243,0,0.068378925323486,0,0,0,0.178899765014648,Init4,false,0,0.440743,1,37,1
bj08amba2g5.aig,7,26,1,1179,489,122,0.249488752556237,0,0.067739963531494,53,0.10838445807771,0,0.128926515579224,Init4,false,0,0.540503,1,489,1
pdtviscoherence3.aig,8,37,1,2134,956,3,0.003138075313808,0,0.419679641723633,2,0.002092050209205,0,0.329306840896606,Init2,false,16,0.319987,7,13,0.013598326359833
pdtvisvsar11.aig,17,130,1,2101,515,515,1,0,0.168614625930786,515,1,0,0.278636932373047,Init2,false,2,0.220964,1,515,1
pdtswvsam4x8p2.aig,9,96,1,6376,198,74,0.373737373737374,0,0.870325803756714,24,0.121212121212121,0,23.3442935943604,Init2,false,4,1.924936,31,86,0.434343434343434
beemmsmie1b1.aig,172,89,1,2275,1000,1000,1,0,116.897773504257,1000,1,0,111.636389970779,Init2,false,2,27.595387,8,1000,1
pdtvisvsa16a04.aig,32,236,1,6248,968,608,0.628099173553719,0,1.02112579345703,958,0.989669421487603,0,0.931402444839478,Init2,false,2,0.822054,2,968,1
pdtvsarmultip13.aig,17,130,1,2743,918,918,1,0,0.269343614578247,918,1,0,0.329602241516113,Init2,false,2,0.370511,1,918,1
pdtvisvsa16a00.aig,32,236,1,6244,247,246,0.995951417004048,0,0.319200277328491,243,0.983805668016194,0,0.58050799369812,Init4,false,0,0.840424,1,247,1
pdtvisvending01.aig,2,34,1,953,129,11,0.085271317829457,0,3.27706694602966,0,0,1,1200.01448249817,Init2,false,4,7.790999,15,11,0.085271317829457
intel003.aig,82,87,1,848,871,488,0.560275545350172,0,0.268938064575195,487,0.559127439724455,0,3.03635311126709,Init2,false,16,0.21994,6,489,0.56142365097589
pdtviseisenberg0.aig,3,30,1,2628,678,80,0.117994100294985,0,3.47687292098999,136,0.200589970501475,0,2.83569312095642,Init2,false,4,0.922017,17,237,0.349557522123894
nusmvguidancep7.aig,84,86,1,1828,908,487,0.536343612334802,0,7.38736534118652,487,0.536343612334802,0,32.766608953476,Init2,false,8,7.890288,14,491,0.540748898678414
pdtvisgigamax0.aig,22,16,1,1069,884,651,0.736425339366516,0,0.218924522399902,106,0.119909502262443,0,0.2793128490448,Init4,false,0,3.648201,1,884,1
mentorbm1p04.aig,224,4377,1,31685,1000,526,0.526,0,3.17609643936157,5,0.005,0,24.3445172309875,Init2,false,4,4.83486,3,743,0.743
visprodcellp22.aig,30,78,1,2806,885,0,0,0,2.12351846694946,0,0,0,0.730678796768189,Init2,false,4,3.328259,18,0,0
pdtvisvsa16a07.aig,32,236,1,6321,1000,347,0.347,0,12.4516136646271,0,0,0,5.0927996635437,Init4,false,0,14.82898,1,1000,1
power2sum128.aig,12,29,1,211,1000,911,0.911,0,1.12143015861511,405,0.405,0,0.479698181152344,Init4,false,0,10.368082,1,1000,1
boblivea.aig,5,102,1,540,699,0,0,0,8.3900990486145,0,0,0,4.49033069610596,Init2,false,8,17.961769,15,0,0
pdtpmsarbiter.aig,3,46,1,209,48,0,0,0,0.036334037780762,0,0,0,38.3831326961517,Init2,false,2,3.229801,7,0,0
6s380b129.aig,125,5606,1,59604,821,1,0.00121802679659,0,7.48848271369934,0,0,1,1200.01410770416,Init2,false,2,38.078033,7,13,0.015834348355664
pdtvisvsar09.aig,17,130,1,2125,989,589,0.595551061678463,0,0.269024848937988,989,1,0,0.379730701446533,Init2,false,2,0.368873,4,989,1
shift1add512.aig,4,18,1,98,952,928,0.974789915966386,0,1.32172036170959,924,0.970588235294117,0,0.07895040512085,Init4,false,0,4.350561,1,952,1
bj08amba3g82.aig,9,32,1,9716,497,140,0.28169014084507,0,0.468775987625122,26,0.052313883299799,0,0.981382131576538,Init2,false,2,0.521023,1,140,0.28169014084507
pdtvisvsar05.aig,17,130,1,2118,998,533,0.534068136272545,0,1.02101945877075,31,0.031062124248497,0,0.530041933059692,Init4,false,0,1.192043,1,998,1
oski15a10b00s.aig,1515,2915,1,53040,1000,0,0,0,5.63180112838745,1,0.001,0,53.2258219718933,Init2,false,32,7.043121,2,266,0.266
pdtvisvsar26.aig,17,130,1,2101,502,502,1,0,0.168373346328735,502,1,0,0.279335498809814,Init2,false,2,0.22045,1,502,1
pdtvisheap00.aig,4,33,1,1148,237,19,0.080168776371308,0,4.38033223152161,28,0.118143459915612,0,68.9630525112152,Init2,false,4,5.685458,24,31,0.130801687763713
pdtviscoherence5.aig,8,37,1,2132,828,0,0,0,0.870912075042725,0,0,0,0.781098127365112,Init2,false,4,0.421929,8,6,0.007246376811594
texaspimainp01.aig,14,239,1,7987,774,1,0.001291989664083,0,0.669512748718262,6,0.007751937984496,0,0.629922389984131,Init2,false,2,7.435755,4,3,0.003875968992248
pdtvisminmax1.aig,12,29,1,522,490,490,1,0,0.068965673446655,490,1,0,0.129058122634888,Init2,false,2,0.070087,1,490,1
pdtpmsblackjack.aig,5,207,1,1965,1,0,0,0,1.37185621261597,0,0,0,8.60079908370972,Init2,false,4,3.480472,1,0,0
exit.5.prop1-func-interl.aig,133,246,0,1967,998,1,0.001002004008016,0,51.5119616985321,0,0,0,170.790689706802,Init2,false,8,19.925655,18,3,0.003006012024048
6s273b37.aig,983,15544,1,75718,72,0,0,0,21.7797458171844,0,0,1,1200.01419401169,Init2,false,4,24.653301,17,0,0
pdtvisgray0.aig,5,5,1,11,758,758,1,0,0.020139455795288,758,1,0,0.07800555229187,Init2,false,2,0.022385,1,758,1
texasifetch1p1.aig,28,59,1,606,508,508,1,0,0.068359136581421,508,1,0,0.128899574279785,Init2,false,2,0.121096,1,508,1
texasifetch1p2.aig,28,59,1,609,513,513,1,0,0.068405151367188,513,1,0,0.128486394882202,Init2,false,2,0.119574,1,513,1
pdtvisvsa16a09.aig,32,236,1,6312,1000,1000,1,0,1.12127447128296,1000,1,0,1.18235898017883,Init2,false,2,0.971538,2,1000,1
pdtvisvsa16a10.aig,32,236,1,6272,1000,547,0.547,0,7.13692545890808,0,0,0,8.30070304870606,Init2,false,2,1.473193,3,997,0.997
pdtvisgigamax5.aig,22,16,1,1071,884,474,0.536199095022624,0,0.118619203567505,180,0.203619909502262,0,0.17930269241333,Init4,false,0,1.041014,1,884,1
pdtvisvsar08.aig,17,130,1,2125,989,984,0.994944388270981,0,0.319202661514282,989,1,0,0.378878116607666,Init2,false,2,0.369732,4,989,1
pdtvisminmax2.aig,12,29,1,522,387,283,0.731266149870801,0,0.06803297996521,279,0.72093023255814,0,0.128354787826538,Init4,false,0,2.796091,1,387,1
pdtvistimeout1.aig,10,34,1,1077,889,889,1,0,0.168776512145996,889,1,0,0.228927135467529,Init2,false,2,0.169647,1,889,1
nusmvreactorp4.aig,74,76,1,1242,872,487,0.55848623853211,0,2.1244900226593,487,0.55848623853211,0,11.3583867549896,Init2,false,4,16.009495,24,487,0.55848623853211
pdtvisrethersqo4.aig,3,48,1,794,15,0,0,0,4.58046197891235,0,0,1,1200.01456403732,Init2,false,2,13.80595,36,0,0
pdtvisvending02.aig,2,34,1,958,583,527,0.903945111492281,0,0.119211196899414,532,0.912521440823327,0,0.178792953491211,Init4,false,0,0.940674,1,583,1
6s403rb0609.aig,270,5468,1,108595,982,0,0,0,4.12961506843567,0,0,0,72.1217939853668,Init2,false,2,11.961234,2,0,0
pdtvisns2p0.aig,16,75,1,2520,682,19,0.027859237536657,0,1.9739134311676,1,0.001466275659824,0,2.48516321182251,Init2,false,2,5.336133,9,72,0.105571847507331
pdtvisvending03.aig,2,34,1,954,950,950,1,0,0.118242502212524,950,1,0,0.179799318313599,Init2,false,2,0.170938,1,950,1
6s327rb10.aig,6285,3290,1,22645,315,1,0.003174603174603,0,2.37446880340576,0,0,0,630.95152425766,Init2,false,8,3.532939,9,2,0.006349206349206
pdtswvibs8x8p1.aig,9,98,1,3449,434,20,0.046082949308756,0,47.0451712608337,23,0.052995391705069,0,7.3992018699646,Init2,false,16,3.279181,19,293,0.675115207373272
texasPImainp01.aig,14,239,1,7987,774,1,0.001291989664083,0,0.669976949691772,6,0.007751937984496,0,0.629668951034546,Init2,false,2,7.389866,4,3,0.003875968992248
beemmsmie1f1.aig,85,88,1,1571,769,0,0,0,6.33421325683594,0,0,1,1200.01434016228,Init2,false,4,45.391961,18,0,0
pdtvissoap1.aig,21,220,1,4709,551,0,0,0,6.98660159111023,0,0,1,1200.01418471336,Init2,false,4,12.854893,17,0,0
texaspimainp15.aig,14,239,1,7994,997,37,0.037111334002006,0,0.269164800643921,456,0.457372116349047,0,0.730107069015503,Init2,false,2,0.571833,1,307,0.307923771313942
beemndhm2f2.aig,98,251,1,14602,998,0,0,0,39.4774446487427,0,0,0,76.6932907104492,Init2,false,8,22.433313,9,468,0.468937875751503
pdtvisns3p07.aig,21,117,1,3983,727,0,0,0,12.2016954421997,0,0,0,106.715975999832,Init2,false,32,7.088742,18,11,0.015130674002751
pdtvisvsa16a03.aig,32,236,1,6268,819,819,1,0,0.619884967803955,819,1,0,0.780815362930298,Init2,false,2,0.822218,1,819,1
pj2002.aig,1243,1175,1,34333,962,566,0.588357588357588,0,4.37890124320984,721,0.74948024948025,0,14.6140360832214,Init2,false,32,4.683844,2,851,0.884615384615385
6s344rb054.aig,553,10669,1,87711,1000,1000,1,0,17.3164963722229,1000,1,0,27.7070264816284,Init2,false,2,19.782234,1,1000,1
pdtswvsam6x8p2.aig,9,128,1,8257,213,115,0.539906103286385,0,0.770450353622437,42,0.197183098591549,0,5.84453797340393,Init2,false,16,2.326129,28,117,0.549295774647887
kenoopp1.aig,49,51,1,566,983,748,0.760935910478128,0,0.117859840393066,748,0.760935910478128,0,0.179113864898682,Init2,false,2,0.170344,1,748,0.760935910478128
bobtuint17neg.aig,213,212,1,2051,862,481,0.55800464037123,0,0.21892523765564,0,0,0,1.13181495666504,Init2,false,2,0.271221,2,208,0.241299303944316
mentorbm1or.aig,224,4377,1,31697,1000,1000,1,0,4.68221497535706,1000,1,0,8.45246767997742,Init2,false,2,5.790414,1,1000,1
texasparsesysp4.aig,9,312,1,11861,736,736,1,0,0.869980573654175,736,1,0,1.03078174591064,Init2,false,2,1.122515,1,736,1
6s330rb11.aig,1056,7728,1,109695,734,475,0.647138964577657,0,11.6005833148956,0,0,0,219.229164123535,Init2,false,16,16.475184,2,570,0.776566757493188
pdtvistimeout3.aig,10,34,1,1077,515,301,0.584466019417476,0,0.619515895843506,371,0.720388349514563,0,0.279397964477539,Init4,false,0,32.274968,1,515,1
kenflashp07.aig,63,65,1,1581,969,733,0.756449948400413,0,0.218818426132202,497,0.512899896800826,0,0.329132318496704,Init2,false,2,2.024434,2,832,0.858617131062951
ndista128.aig,4,13,1,80,886,796,0.898419864559819,0,0.269239187240601,796,0.898419864559819,0,0.179275512695313,Init4,false,0,1.040359,1,886,1
cmugigamax.aig,34,29,1,615,1000,927,0.927,0,0.167635917663574,450,0.45,0,0.229092359542847,Init4,false,0,12.570997,1,1000,1
6s277rb342.aig,844,3201,1,25549,29,0,0,0,6.3859543800354,0,0,0,147.77868771553,Init2,false,2,9.84757,9,0,0
rast-p04.aig,2840,2602,0,53736,740,740,1,0,7.63813519477844,740,1,0,10.6570882797241,Init2,false,2,11.820809,1,740,1
pdtswvibs16x4p1.aig,5,94,1,3208,412,19,0.046116504854369,0,37.9689259529114,27,0.065533980582524,0,8.45219397544861,Init2,false,32,10.047978,7,255,0.618932038834951
pdtvisvending07.aig,2,34,1,952,609,208,0.341543513957307,0,0.419233322143555,168,0.275862068965517,0,0.22936224937439,Init4,false,0,1.744754,1,609,1
kenflashp08.aig,63,63,1,1575,980,980,1,0,0.218742847442627,980,1,0,0.279047966003418,Init2,false,2,0.271078,1,980,1
pdtvishuffman4.aig,5,56,1,977,938,61,0.065031982942431,0,0.168838977813721,17,0.018123667377399,0,0.480050802230835,Init4,false,0,39.446834,1,938,1
beemtlphn5f1.aig,132,249,1,4961,745,0,0,0,97.6745209693909,0,0,1,1200.01578950882,Init2,false,8,29.295135,13,0,0
nusmvsyncarb5p2.aig,5,10,1,52,197,197,1,0,0.019508600234985,197,1,0,0.078296422958374,Init2,false,2,0.036971,5,197,1
pdtvisvsar13.aig,17,130,1,2106,918,918,1,0,0.268602848052979,918,1,0,0.379374980926514,Init2,false,2,0.31981,1,918,1
pdtviscoherence4.aig,8,37,1,2132,845,0,0,0,0.770203828811646,0,0,0,1.03184795379639,Init2,false,8,0.320281,7,11,0.01301775147929
rast-p21.aig,2840,2602,0,53736,747,747,1,0,8.13625121116638,747,1,0,12.161872625351,Init2,false,2,14.525312,1,747,1
bj08amba3g1.aig,9,32,1,9455,681,234,0.343612334801762,0,0.368659734725952,72,0.105726872246696,0,0.78070855140686,Init4,false,0,1.447864,1,681,1
neclabakery001.aig,32,84,1,679,950,0,0,0,5.43150854110718,1,0.001052631578947,0,5.54349255561829,Init2,false,4,13.804425,45,9,0.009473684210526
pdtvisminmaxr2.aig,12,28,1,459,1000,1000,1,0,0.069112300872803,1000,1,0,0.128309488296509,Init2,false,2,0.119721,1,1000,1
pdtswvsam6x8p1.aig,9,128,1,8257,224,107,0.477678571428571,0,0.77084493637085,76,0.339285714285714,0,11.9101214408875,Init2,false,4,3.025943,33,111,0.495535714285714
texasparsesysp2.aig,9,312,1,11862,678,648,0.955752212389381,0,0.920432090759277,648,0.955752212389381,0,0.981629371643066,Init4,false,0,3.34747,1,678,1
pdtswvroz10x6p1.aig,7,81,1,2925,344,86,0.25,0,6.68705463409424,0,0,1,1200.01404523849,Init2,false,4,14.860359,20,156,0.453488372093023
pdtvisns3p02.aig,21,117,1,3985,690,0,0,0,10.5433559417725,0,0,0,118.58825302124,Init2,false,4,36.269248,18,10,0.014492753623188
bobtuint08neg.aig,213,212,1,2051,799,92,0.11514392991239,0,0.168456315994263,0,0,1,1200.01451873779,Init2,false,4,0.220996,2,158,0.197747183979975
nusmvguidancep6.aig,84,86,1,1729,972,528,0.54320987654321,0,1.52173590660095,488,0.502057613168724,0,3.13569235801697,Init2,false,16,1.223607,13,591,0.608024691358025
pdtvisheap04.aig,4,33,1,1150,613,613,1,0,0.118136882781982,613,1,0,0.178247690200806,Init2,false,2,0.22222,1,613,1
pdtvisvsar19.aig,17,130,1,2103,534,534,1,0,0.218534469604492,534,1,0,0.328988075256348,Init2,false,2,0.220817,1,534,1
power2bit8.aig,4,11,1,70,991,697,0.703329969727548,0,0.036566972732544,730,0.736629667003027,0,0.079967260360718,Init4,false,0,0.075241,1,991,1
bobtuint12neg.aig,213,212,1,2051,879,520,0.591581342434585,0,0.219125986099243,0,0,0,0.730161190032959,Init2,false,8,0.369187,2,714,0.812286689419795
pdtvisns3p12.aig,21,117,1,3977,730,730,1,0,0.318061113357544,730,1,0,0.430075168609619,Init2,false,2,0.421333,1,730,1
pdtvisvsar24.aig,17,130,1,2101,748,748,1,0,0.219094276428223,748,1,0,0.329550981521606,Init2,false,2,0.282763,1,748,1
pdtvisrethersqo1.aig,3,48,1,822,55,55,1,0,0.068117141723633,55,1,0,0.129312992095947,Init2,false,2,0.071898,1,55,1
6s164.aig,91,198,1,1095,9,0,0,0,29.6972680091858,0,0,1,1200.01367425919,Init2,false,4,58.83685,27,0,0
6s120.aig,60,58,1,2272,2,0,0,0,1.07119345664978,0,0,0,38.779990196228,Init2,false,4,5.939312,6,0,0
bj08aut82.aig,2,3,1,380,415,144,0.346987951807229,0,0.020076036453247,283,0.681927710843373,0,0.078170537948608,Init4,false,0,0.096018,1,415,1
pdtswvroz8x8p2.aig,9,87,1,3067,297,71,0.239057239057239,0,22.9292705059051,0,0,1,1200.01421093941,Init2,false,8,29.300169,71,75,0.252525252525252
pdtvisgigamax3.aig,22,16,1,1071,884,503,0.569004524886878,0,0.11866569519043,216,0.244343891402715,0,0.179361581802368,Init4,false,0,1.096501,1,884,1
viselevatorp1.aig,28,40,1,1112,820,820,1,0,0.168860673904419,820,1,0,0.228789329528809,Init2,false,2,0.173238,1,820,1
139443p0.aig,237,311,1,5423,1000,514,0.514,0,0.720010042190552,514,0.514,0,1.58334374427795,Init2,false,32,3.331505,1,474,0.474
pdtpmsgigamax.aig,22,123,1,909,874,0,0,0,0.669955968856812,0,0,0,85.0028231143951,Init2,false,2,2.027368,3,0,0
beemcoll1b1.aig,161,132,1,16509,1000,850,0.85,0,324.535319328308,0,0,1,1200.01390528679,Init2,false,16,25.69323,13,1000,1
bjrb07amba5andenv.aig,13,41,1,22054,292,16,0.054794520547945,0,8.59233808517456,0,0,0,54.6653192043304,Init2,false,4,8.445323,4,70,0.23972602739726
pdtvisbakery1.aig,4,48,1,7432,909,17,0.018701870187019,0,22.5304038524628,0,0,0,11.4094326496124,Init2,false,4,6.892019,25,121,0.133113311331133
pdtpmsns2.aig,16,334,1,1871,2,0,0,0,19.921915769577,0,0,0,232.190631628036,Init2,false,4,41.432812,19,0,0
bobuns2p10d100l.aig,100,100,1,20783,1000,1000,1,0,6.18451070785522,1000,1,0,15.9718215465546,Init2,false,2,8.245289,1,1000,1
pdtvsar8multip13.aig,23,195,1,6956,903,903,1,0,0.720355033874512,903,1,0,0.629574298858643,Init2,false,2,0.775115,1,903,1
6s275rb253.aig,844,3196,1,25552,103,0,0,0,6.38539266586304,0,0,0,120.008040428162,Init2,false,2,8.146515,5,0,0
pdtvisretherrtf0.aig,3,46,1,1237,1000,1000,1,0,0.16822624206543,1000,1,0,0.178894996643066,Init2,false,2,0.173021,1,1000,1
pdtvisns3p06.aig,21,117,1,3983,723,0,0,0,22.275505065918,0,0,0,100.596859455109,Init2,false,4,8.445306,9,18,0.024896265560166
power2bit128.aig,4,15,1,98,985,646,0.655837563451777,0,0.469214677810669,625,0.634517766497462,0,0.12876558303833,Init4,false,0,0.344442,1,985,1
bjrb07amba1andenv.aig,5,22,1,1025,306,44,0.143790849673203,0,0.167922258377075,24,0.07843137254902,0,0.279164552688599,Init4,false,0,36.148439,1,306,1
pdtvisvsar03.aig,17,130,1,2114,815,815,1,0,0.269099712371826,815,1,0,0.379673957824707,Init2,false,2,0.271623,1,815,1
power2sum32.aig,12,27,1,201,1000,806,0.806,0,0.168879270553589,405,0.405,0,0.178805112838745,Init4,false,0,2.351271,1,1000,1
pdtvisvending04.aig,2,34,1,961,1000,1000,1,0,0.118514060974121,1000,1,0,0.178834915161133,Init2,false,2,0.17214,1,1000,1
bj08aut62.aig,6,3,1,489,415,283,0.681927710843373,0,0.036011695861817,415,1,0,0.078672885894775,Init4,false,0,0.112014,1,415,1
pdtvisns3p05.aig,21,117,1,3983,728,1,0.001373626373626,0,11.3980991840363,0,0,0,224.937940835953,Init2,false,8,19.474805,11,5,0.006868131868132
pdtvishuffman2.aig,5,56,1,973,973,973,1,0,0.168942451477051,973,1,0,0.329409122467041,Init2,false,2,0.22238,1,973,1
pdtvisns3p18.aig,21,117,1,3977,579,579,1,0,0.319118499755859,579,1,0,0.429361581802368,Init2,false,2,0.372665,1,579,1
pdtvisgigamax1.aig,22,16,1,1069,884,267,0.302036199095023,0,0.168835401535034,98,0.110859728506787,0,0.329809427261353,Init4,false,0,3.702326,1,884,1
bobtuint09neg.aig,213,212,1,2051,337,0,0,0,2.47523951530457,0,0,1,1200.01469922066,Init2,false,4,41.17414,7,0,0
pdtvisvsar18.aig,17,130,1,2119,1000,1000,1,0,0.268527269363403,1000,1,0,0.32909893989563,Init2,false,2,0.322987,1,1000,1
texaspimainp05.aig,14,239,1,7997,988,0,0,0,0.47026538848877,2,0.002024291497976,0,0.730691909790039,Init2,false,8,4.634833,6,5,0.005060728744939
pdtvisgigamax4.aig,22,16,1,1071,884,500,0.565610859728507,0,0.168209552764893,197,0.222850678733032,0,0.178847789764404,Init4,false,0,1.147054,1,884,1
bobtuint19neg.aig,213,212,1,2051,863,62,0.071842410196987,0,0.168179035186768,0,0,0,1.03147029876709,Init2,false,2,0.322703,2,295,0.341830822711472
kenflashp03.aig,50,51,1,3738,990,990,1,0,0.36941933631897,990,1,0,0.329733371734619,Init2,false,2,0.421879,1,990,1
viscoherencep2.aig,8,37,1,1612,931,6,0.006444683136412,0,0.3692307472229,9,0.009667024704619,0,0.32974362373352,Init2,false,8,0.272648,8,34,0.036519871106337
nusmvguidancep5.aig,84,86,1,1750,997,488,0.489468405215647,0,4.38018822669983,490,0.49147442326981,0,4.34095239639282,Init2,false,32,3.430717,17,520,0.521564694082247
pdtvismiim1.aig,41,86,1,888,329,283,0.860182370820669,0,0.068858146667481,2,0.006079027355623,0,0.128999710083008,Init2,false,2,0.12153,1,283,0.860182370820669
pdtvisns2p2.aig,16,75,1,2515,555,2,0.003603603603604,0,0.319249153137207,12,0.021621621621622,0,0.480728387832642,Init2,false,8,0.623695,9,54,0.097297297297297
visprodcellp03.aig,30,78,1,2805,903,46,0.05094130675526,0,0.368383884429932,0,0,0,0.580218315124512,Init2,false,16,0.271784,8,196,0.217054263565891
6s372rb26.aig,74,1124,1,7490,27,1,0.037037037037037,0,4.28093838691711,0,0,1,1200.01433897018,Init2,false,8,2.979486,10,1,0.037037037037037
pdtvisvending08.aig,2,34,1,950,583,532,0.912521440823327,0,0.118355274200439,566,0.970840480274443,0,0.179000377655029,Init4,false,0,1.14494,1,583,1
pdtvisheap07.aig,4,33,1,1149,937,937,1,0,0.168529272079468,937,1,0,0.178925514221191,Init2,false,2,0.171375,1,937,1
pdtvisns3p13.aig,21,117,1,3977,750,750,1,0,0.36934494972229,750,1,0,0.429618358612061,Init2,false,2,0.472207,1,750,1
pdtvisbpb1.aig,9,72,1,1334,585,49,0.083760683760684,0,0.06874418258667,15,0.025641025641026,0,0.229279518127441,Init4,false,0,1.046664,1,585,1
pdtvisvsa16a24.aig,32,236,1,6244,751,751,1,0,0.620460510253906,751,1,0,0.680224418640137,Init2,false,2,0.673888,1,751,1
pdtvisvsar06.aig,17,130,1,2125,990,990,1,0,0.318693876266479,987,0.996969696969697,0,0.429965496063232,Init2,false,2,0.37669,4,990,1
kenoopp2.aig,76,78,1,788,987,727,0.736575481256332,0,0.118595600128174,727,0.736575481256332,0,0.178895473480225,Init2,false,2,7.593722,2,727,0.736575481256332
beemskbn3f1.aig,9,1698,1,52798,999,619,0.61961961961962,0,5.93309235572815,0,0,0,97.3881969451904,Init2,false,8,12.157275,1,991,0.991991991991992
beembkry1b1.aig,90,76,1,1564,1000,638,0.638,0,31.1025876998901,960,0.96,0,19.9325988292694,Init4,false,0,23.658907,1,1000,1
139452p0.aig,214,295,1,5693,1000,514,0.514,0,0.719844579696655,514,0.514,0,1.53257369995117,Init2,false,32,3.683335,1,324,0.324
pdtvisvsar21.aig,17,130,1,2101,529,529,1,0,0.16890549659729,529,1,0,0.279934883117676,Init2,false,2,0.272064,1,529,1
pdtvisvsa16a26.aig,32,236,1,6244,532,532,1,0,0.418783903121948,532,1,0,0.630754709243774,Init2,false,2,0.522867,1,532,1
power2eq2048.aig,8,25,1,168,1000,675,0.675,0,55.9693236351013,659,0.659,0,8.70139741897583,Init4,false,0,20.644719,1,1000,1
pdtvismiim0.aig,41,86,1,893,433,129,0.297921478060046,0,0.068088054656983,23,0.053117782909931,0,0.178797960281372,Init4,false,0,0.29416,1,433,1
neclaftp5001.aig,1888,21,1,57,1000,1000,1,0,0.268866062164307,1000,1,0,0.078392267227173,Init2,false,2,0.321959,1,1000,1
pdtvistwoall0.aig,30,33,1,1713,1000,1000,1,0,0.319409132003784,1000,1,0,1.83319568634033,Init2,false,2,0.373037,1,1000,1
pdtvisvending09.aig,2,34,1,951,1000,1000,1,0,0.168834209442139,1000,1,0,0.179134368896484,Init2,false,2,0.172212,1,1000,1
6s206rb025.aig,9204,28643,1,143652,408,296,0.725490196078431,0,18.1102402210236,0,0,1,1200.01460838318,Init3,false,0,65.273483,1,408,1
6s405rb611.aig,196,11861,1,164004,980,0,0,0,17.1649060249329,0,0,0,1137.37292289734,Init2,false,2,47.711994,2,0,0
pj2008.aig,446,441,1,17551,1000,220,0.22,0,2.22436285018921,400,0.4,0,6.24586749076843,Init2,false,32,2.932798,7,535,0.535
pdtswvroz8x8p1.aig,9,87,1,3067,319,61,0.191222570532915,0,4.57947278022766,0,0,1,1200.01448988915,Init2,false,2,45.093864,42,130,0.407523510971787
pdtvisvsar17.aig,17,130,1,2102,755,755,1,0,0.219173669815063,755,1,0,0.329276561737061,Init2,false,2,0.272854,1,755,1
pdtvisvsar01.aig,17,130,1,2104,41,41,1,0,0.067617654800415,41,1,0,0.228520393371582,Init2,false,2,0.121528,1,41,1
neclaftp5002.aig,1888,21,1,57,999,999,1,0,0.268889427185059,999,1,0,0.078948020935059,Init2,false,2,0.322483,1,999,1
pdtvisns2p8.aig,16,75,1,2514,661,661,1,0,0.218914747238159,661,1,0,0.279566526412964,Init2,false,2,0.272229,1,661,1
bob2.aig,3,34,1,121,199,16,0.080402010050251,0,0.036540508270264,2,0.010050251256281,0,0.12828540802002,Init4,false,0,2.366783,1,199,1
6s276rb342.aig,843,3201,1,25549,29,0,0,0,6.63524127006531,0,0,0,148.373806476593,Init2,false,2,10.302402,9,0,0
pdtvisminmax0.aig,12,29,1,533,173,173,1,0,0.035826206207275,173,1,0,0.128689289093018,Init2,false,2,0.071781,1,173,1
bjrb07amba4andenv.aig,11,36,1,17424,248,13,0.05241935483871,0,7.38820266723633,0,0,0,71.5714118480682,Init2,false,2,3.982666,3,65,0.262096774193548
pdtswvsam4x8p1.aig,9,96,1,6376,191,82,0.429319371727749,0,0.570165634155273,29,0.151832460732984,0,13.6108493804932,Init2,false,4,2.678689,31,81,0.424083769633508
bobunr2p10d40l.aig,40,40,1,8063,1000,1000,1,0,2.02254748344421,1000,1,0,4.1379759311676,Init2,false,2,2.377605,1,1000,1
pdtvismiim3.aig,41,86,1,888,318,254,0.79874213836478,0,0.068585395812988,5,0.015723270440252,0,0.179042100906372,Init2,false,2,0.071638,2,254,0.79874213836478
beemcycschd3b1.aig,377,301,1,3164,1000,802,0.802,0,1.12213921546936,0,0,1,1200.01388764381,Init2,false,16,9.39724,19,1000,1
kenflashp04.aig,63,65,1,1581,950,697,0.733684210526316,0,0.168331623077393,547,0.575789473684211,0,0.279243230819702,Init2,false,16,0.222464,2,697,0.733684210526316
nusmvbrp.aig,11,52,1,464,978,187,0.19120654396728,0,1.72265219688416,0,0,1,1200.01437830925,Init2,false,8,0.92412,17,187,0.19120654396728
vis4arbitp1.aig,12,23,1,314,61,22,0.360655737704918,0,0.11864161491394,1,0.016393442622951,0,5.34418082237244,Init2,false,4,0.120433,9,21,0.344262295081967
pdtvisvsar14.aig,17,130,1,2142,996,996,1,0,0.268210172653198,996,1,0,0.379675626754761,Init2,false,2,0.324113,1,996,1
bjrb07amba6andenv.aig,15,45,1,35272,287,15,0.052264808362369,0,32.908570766449,0,0,0,238.972645044327,Init2,false,16,20.129497,4,80,0.278745644599303
pdtviseisenberg1.aig,3,30,1,2628,669,94,0.14050822122571,0,5.43305540084839,63,0.094170403587444,0,2.63579893112183,Init2,false,2,9.648257,7,247,0.369207772795217
pdtvisminmaxr0.aig,12,28,1,532,516,516,1,0,0.068491458892822,516,1,0,0.129228591918945,Init2,false,2,0.071772,1,516,1
pdtvisns2p1.aig,16,75,1,2518,685,2,0.002919708029197,0,1.57250308990479,0,0,0,2.18437957763672,Init2,false,8,1.524634,11,18,0.026277372262774
bobtuint21neg.aig,213,212,1,2051,878,9,0.010250569476082,0,0.168606996536255,0,0,0,1.03151535987854,Init2,false,2,0.272797,2,257,0.292710706150342
mentorbm1p03.aig,224,4377,1,31685,1000,1000,1,0,4.68114233016968,1000,1,0,8.35054087638855,Init2,false,2,5.54183,1,1000,1
bj08amba5g62.aig,13,39,1,19957,679,183,0.269513991163476,0,1.27172112464905,28,0.041237113402062,0,3.63883256912231,Init2,false,2,2.728635,1,329,0.484536082474227
beemtlphn4f1.aig,116,185,1,4073,771,0,0,0,62.1375648975372,0,0,1,1200.01452445984,Init2,false,8,56.430692,31,2,0.002594033722438
6s403rb1342.aig,270,5468,1,108595,982,0,0,0,3.92905592918396,0,0,0,68.0146336555481,Init2,false,2,10.758193,2,0,0
pdtswvtma6x4p1.aig,5,49,1,2275,463,26,0.056155507559395,0,35.965619802475,0,0,1,1200.01452159882,Init2,false,2,26.043283,29,162,0.349892008639309
pdtvisvsar27.aig,17,130,1,2120,22,12,0.545454545454545,0,0.419426202774048,9,0.409090909090909,0,0.88069486618042,Init2,false,4,0.372659,11,19,0.863636363636364
pdtvisns3p19.aig,21,117,1,3977,600,600,1,0,0.318885326385498,600,1,0,0.429473876953125,Init2,false,2,0.372641,1,600,1
pdtvisvending00.aig,2,34,1,959,720,206,0.286111111111111,0,0.419346809387207,54,0.075,0,0.579822063446045,Init4,false,0,6.008908,1,720,1
6s515rb1.aig,37,441,1,3388,564,192,0.340425531914894,0,0.168919801712036,0,0,1,1200.0141890049,Init2,false,2,0.27273,2,241,0.427304964539007
pdtvisblackjack4.aig,5,104,1,3461,351,0,0,0,0.31926155090332,0,0,0,1.08136248588562,Init2,false,2,1.926901,10,0,0
pdtvisvsar02.aig,17,130,1,2101,599,599,1,0,0.167812585830689,599,1,0,0.279065370559692,Init2,false,2,0.224393,1,599,1
pdtvisvsa16a17.aig,32,236,1,6245,750,750,1,0,0.56975269317627,750,1,0,0.781057834625244,Init2,false,2,0.673355,1,750,1
pdtvsarmultip08.aig,17,130,1,2743,989,985,0.995955510616785,0,0.419560670852661,989,1,0,0.379388809204102,Init4,false,0,0.844677,1,989,1
6s325rb072.aig,634,1756,1,17993,86,1,0.011627906976744,0,0.369112014770508,1,0.011627906976744,0,2.83612751960754,Init4,false,0,30.271072,1,86,1
nusmvguidancep4.aig,84,86,1,1731,938,642,0.684434968017058,0,0.219881534576416,597,0.636460554371002,0,0.33001184463501,Init2,false,16,0.272348,5,826,0.880597014925373
nusmvguidancep8.aig,84,86,1,1747,994,489,0.491951710261569,0,3.07558250427246,488,0.490945674044266,0,4.34039950370789,Init2,false,32,2.226897,19,507,0.510060362173038
pdtvisns3p09.aig,21,117,1,3979,530,4,0.007547169811321,0,1.37261915206909,0,0,0,3.03552317619324,Init2,false,16,1.476384,12,40,0.075471698113208
pdtvisns2p7.aig,16,75,1,2514,615,615,1,0,0.219960451126099,615,1,0,0.279179573059082,Init2,false,2,0.223168,1,615,1
pdtvisvsa16a21.aig,32,236,1,6244,515,515,1,0,0.419549703598022,515,1,0,0.680099487304688,Init2,false,2,0.572564,1,515,1
eijkS208o.aig,10,16,1,146,4,4,1,0,0.068392992019653,4,1,0,659.916877508163,Init2,false,2,0.121663,33,4,1
visarbiter.aig,3,23,1,438,222,1,0.004504504504505,0,0.068536520004273,0,0,0,0.128475904464722,Init2,false,8,0.071779,4,8,0.036036036036036
pdtvisheap03.aig,4,33,1,1149,942,942,1,0,0.16863226890564,942,1,0,0.178903579711914,Init2,false,2,0.172522,1,942,1
nusmvtcasp2.aig,152,173,1,2692,1000,367,0.367,0,1.47249412536621,198,0.198,0,8.50057792663574,Init2,false,16,1.425772,17,494,0.494
oski15a14b32s.aig,1071,3519,1,42938,993,44,0.044310171198389,0,2.82564449310303,0,0,0,188.336570978165,Init2,false,32,6.543623,2,482,0.48539778449144
pdtvisvsa16a08.aig,32,236,1,6312,998,616,0.617234468937876,0,1.57178139686584,993,0.99498997995992,0,1.18194222450256,Init4,false,0,3.150823,1,998,1
pdtvisvsa16a22.aig,32,236,1,6245,489,489,1,0,0.418640613555908,489,1,0,0.680411577224731,Init2,false,2,0.573342,1,489,1
pdtvismiim6.aig,41,86,1,893,746,5,0.006702412868633,0,0.419664621353149,14,0.018766756032172,0,0.178908824920654,Init2,false,16,0.120942,5,134,0.179624664879357
pdtvisns3p04.aig,21,117,1,3983,736,3,0.004076086956522,0,4.12938833236694,0,0,0,28.3060374259949,Init2,false,8,11.956532,16,7,0.009510869565217
bobtuint22neg.aig,213,212,1,2051,762,402,0.52755905511811,0,0.219678163528442,0,0,0,0.680030345916748,Init2,false,4,0.323142,3,658,0.863517060367454
pj2019.aig,476,481,1,25857,986,251,0.254563894523327,0,13.7542066574097,253,0.256592292089249,0,65.9546163082123,Init2,false,4,24.535584,3,414,0.419878296146045
viselevatorp3.aig,28,40,1,1119,616,384,0.623376623376623,0,0.118614196777344,305,0.49512987012987,0,0.179023265838623,Init2,false,4,0.173217,4,387,0.628246753246753
pj2009.aig,336,324,1,16629,1000,268,0.268,0,2.22413539886475,283,0.283,0,11.9093070030212,Init2,false,16,1.876074,4,504,0.504
texaspimainp12.aig,14,239,1,7987,826,65,0.078692493946731,0,0.268374443054199,12,0.01452784503632,0,0.629997253417969,Init2,false,2,0.773653,3,560,0.677966101694915
shift1add256.aig,4,17,1,93,946,920,0.972515856236786,0,0.519443988800049,911,0.963002114164905,0,0.078381061553955,Init4,false,0,1.815743,1,946,1
texasPImainp15.aig,14,239,1,7994,997,37,0.037111334002006,0,0.269121646881104,456,0.457372116349047,0,0.680424451828003,Init2,false,2,0.623904,1,307,0.307923771313942
pdtvishuffman3.aig,5,56,1,975,811,153,0.18865598027127,0,0.1186363697052,31,0.038224414303329,0,0.23005485534668,Init4,false,0,5.707878,1,811,1
rast-p11.aig,2840,2602,0,53736,552,552,1,0,6.38567447662354,552,1,0,10.2556273937225,Init2,false,2,8.915005,2,552,1
pdtvisvsa16a19.aig,32,236,1,6246,499,499,1,0,0.519348621368408,499,1,0,0.680405139923096,Init2,false,2,0.623716,1,499,1
6s277rb292.aig,844,3201,1,25549,34,0,0,0,4.98143291473389,0,0,0,160.908269882202,Init2,false,2,7.645603,9,0,0
pdtvissfeistel.aig,68,361,1,9253,480,155,0.322916666666667,0,192.888724565506,0,0,1,1200.01426720619,Init2,false,16,47.299988,15,330,0.6875
pdtswvsam6x8p3.aig,9,128,1,8257,122,0,0,0,30.6497452259064,0,0,1,1200.01444792748,Init2,false,2,43.542912,44,0,0
pdtvisheap06.aig,4,33,1,1149,925,925,1,0,0.169937610626221,925,1,0,0.17862343788147,Init2,false,2,0.170606,1,925,1
6s276rb318.aig,843,3201,1,25549,33,0,0,0,6.23360276222229,0,0,0,143.969769716263,Init2,false,2,8.195873,9,0,0
bobsynth09neg.aig,224,3015,1,15384,379,0,0,0,1.77187705039978,0,0,0,35.8739655017853,Init2,false,4,1.878821,5,1,0.002638522427441
bobtuint20neg.aig,213,212,1,2051,762,402,0.52755905511811,0,0.269007682800293,0,0,0,0.780644178390503,Init2,false,4,0.324333,2,658,0.863517060367454
pdtvishuffman6.aig,5,56,1,966,44,1,0.022727272727273,0,0.069689512252808,0,0,0,3.84098815917969,Init2,false,4,0.174648,11,1,0.022727272727273
power2sum256.aig,12,30,1,216,1000,869,0.869,0,1.52219319343567,494,0.494,0,0.981590509414673,Init4,false,0,17.193608,1,1000,1
pdtvisblackjack0.aig,5,104,1,3463,343,0,0,0,1.22157907485962,0,0,0,1.33261632919312,Init2,false,4,18.021745,23,0,0
oski15a14b16s.aig,1071,3519,1,42797,1000,1000,1,0,8.09005212783814,1000,1,0,18.3795840740204,Init2,false,2,9.902475,1,1000,1
139453p0.aig,299,395,1,8768,1000,117,0.117,0,0.720178604125977,487,0.487,0,2.68578934669495,Init2,false,32,5.787865,1,487,0.487
pdtvisvsa16a06.aig,32,236,1,6312,998,590,0.591182364729459,0,1.57241106033325,993,0.99498997995992,0,1.48237657546997,Init4,false,0,4.055109,1,998,1
pdtvisgray1.aig,5,5,1,9,489,238,0.486707566462168,0,0.012111186981201,489,1,0,0.078867197036743,Init2,false,2,0.015599,1,489,1
pdtvisvsa16a18.aig,32,236,1,6277,926,584,0.630669546436285,0,4.67996835708618,913,0.985961123110151,0,1.53303194046021,Init4,false,0,4.102985,1,926,1
pdtvisgigamax2.aig,22,16,1,1069,884,493,0.557692307692308,0,0.168384313583374,39,0.044117647058824,0,0.279555082321167,Init4,false,0,3.150571,1,884,1
pdtvisvsar25.aig,17,130,1,2101,502,502,1,0,0.218214750289917,502,1,0,0.329600095748901,Init2,false,2,0.222093,1,502,1
pdtvisrethersqo0.aig,3,48,1,794,1000,1000,1,0,0.11856484413147,1000,1,0,0.178719043731689,Init2,false,2,0.122327,1,1000,1
bj08aut5.aig,3,3,1,380,415,144,0.346987951807229,0,0.020431041717529,283,0.681927710843373,0,0.07852840423584,Init4,false,0,0.094597,1,415,1
pdtvisvsar23.aig,17,130,1,2101,527,527,1,0,0.218173265457153,527,1,0,0.329694747924805,Init2,false,2,0.222384,1,527,1
6s209b0.aig,464,5759,1,51254,1000,0,0,0,3.42719221115112,0,0,1,1200.01439476013,Init2,false,8,4.239211,4,40,0.04
6s108.aig,856,782,1,13892,945,0,0,0,46.0858609676361,0,0,1,1200.01392126083,Init2,false,16,50.307959,9,0,0
pdtvisns3p15.aig,21,117,1,3977,736,736,1,0,0.369297027587891,736,1,0,0.428481817245483,Init2,false,2,0.424601,1,736,1
pdtvisvsa16a23.aig,32,236,1,6244,483,483,1,0,0.419402599334717,483,1,0,0.681010007858276,Init2,false,2,0.576262,1,483,1
pdtvisvsa16a20.aig,32,236,1,6244,507,507,1,0,0.520509004592896,507,1,0,0.680688381195068,Init2,false,2,0.623787,1,507,1
oski15a14b12s.aig,1071,3519,1,42794,994,675,0.67907444668008,0,10.1458835601807,0,0,0,616.299954414368,Init2,false,32,16.719402,2,769,0.77364185110664
nusmvguidancep1.aig,84,86,1,1735,887,738,0.832018038331454,0,0.268976926803589,678,0.764374295377678,0,0.279165029525757,Init2,false,16,0.323139,5,673,0.758737316798196
6s291rb18.aig,3,839,1,2555,143,0,0,0,5.68115663528442,0,0,1,1200.01456809044,Init2,false,2,1.375368,13,0,0
pdtswvibs16x4p2.aig,5,94,1,3208,475,231,0.486315789473684,0,0.621076583862305,424,0.892631578947368,0,0.48002815246582,Init4,false,0,1.099074,1,475,1
beemmcs1f1.aig,39,111,1,904,744,598,0.803763440860215,0,5.5324547290802,0,0,0,861.43208527565,Init2,false,32,4.133234,21,594,0.798387096774194
bj08amba4g1.aig,11,36,1,13217,711,256,0.360056258790436,0,0.869873762130737,164,0.230661040787623,0,1.18205785751343,Init2,false,2,1.074965,3,256,0.360056258790436
beemexit5f1.aig,133,246,1,2025,998,0,0,0,40.9727377891541,0,0,0,74.3185789585114,Init2,false,4,21.230728,18,0,0
pdtvisvsar10.aig,17,130,1,2118,998,941,0.942885771543086,0,0.418945789337158,31,0.031062124248497,0,0.829898118972778,Init4,false,0,3.604835,1,998,1
bj08amba3g5.aig,9,32,1,9716,486,137,0.281893004115226,0,0.419152498245239,34,0.069958847736626,0,0.83137059211731,Init3,false,0,115.462397,1,486,1
pdtvisvending06.aig,2,34,1,952,805,805,1,0,0.118416786193848,805,1,0,0.178942441940308,Init2,false,2,0.172434,1,805,1
pdtvisvending10.aig,2,34,1,952,1000,1000,1,0,0.118272066116333,1000,1,0,0.22964882850647,Init2,false,2,0.171791,1,1000,1
texasPImainp05.aig,14,239,1,7997,988,0,0,0,0.569801092147827,2,0.002024291497976,0,0.680710315704346,Init2,false,8,4.485268,6,5,0.005060728744939
pdtvisvsar00.aig,17,130,1,2101,256,154,0.6015625,0,0.168164730072021,255,0.99609375,0,0.278646230697632,Init4,false,0,0.346583,1,256,1
pdtvisvending05.aig,2,34,1,951,713,211,0.295932678821879,0,0.318770885467529,293,0.4109396914446,0,0.229328632354736,Init4,false,0,1.045361,1,713,1
viscoherencep3.aig,8,37,1,1610,916,6,0.006550218340611,0,0.318741083145142,2,0.002183406113537,0,0.730058193206787,Init2,false,8,0.221505,8,18,0.019650655021834
pdtvisns2p5.aig,16,75,1,2514,760,760,1,0,0.218982458114624,760,1,0,0.328796625137329,Init2,false,2,0.272321,1,760,1
pdtvistictactoe13.aig,4,33,1,870,969,72,0.074303405572756,0,0.16895318031311,51,0.052631578947369,0,0.279499530792236,Init4,false,0,94.116244,1,969,1
nusmvtcastp2.aig,152,173,1,2780,1000,248,0.248,0,4.52784943580627,220,0.22,0,8.50129270553589,Init2,false,32,1.074501,14,510,0.51
bobuns2p10d80l.aig,80,80,1,16543,1000,1000,1,0,4.73075699806213,1000,1,0,8.40225791931152,Init2,false,2,5.538531,1,1000,1
pdtvismiim5.aig,41,86,1,888,557,377,0.676840215439856,0,0.068270921707153,74,0.132854578096948,0,0.178830623626709,Init4,false,0,0.344225,1,557,1
pdtvisns3p03.aig,21,117,1,3985,683,0,0,0,5.68241310119629,0,0,0,66.3094248771668,Init2,false,2,50.663223,12,10,0.014641288433382
pdtvisvsa16a31.aig,32,236,1,6636,493,493,1,0,0.569337844848633,493,1,0,0.931031227111816,Init2,false,2,0.723522,1,493,1
pdtvisheap10.aig,4,33,1,1149,941,941,1,0,0.118481636047363,941,1,0,0.179073095321655,Init2,false,2,0.172001,1,941,1
pj2018.aig,514,528,1,25855,1000,19,0.019,0,64.1413424015045,18,0.018,0,27.6517655849457,Init2,false,32,9.553301,11,52,0.052
pj2003.aig,1243,1175,1,34333,962,412,0.428274428274428,0,3.77815079689026,526,0.546777546777547,0,15.5718815326691,Init2,false,32,4.986549,2,851,0.884615384615385
pdtvistictactoe10.aig,4,33,1,863,991,76,0.076690211907165,0,0.069315910339356,76,0.076690211907165,0,0.179174423217773,Init4,false,0,8.466494,1,991,1
bj08aut1.aig,2,3,1,119,657,261,0.397260273972603,0,0.020212888717651,261,0.397260273972603,0,0.078624248504639,Init4,false,0,0.046278,1,657,1
beemmcs6f1.aig,65,179,1,1414,598,9,0.01505016722408,0,71.0069038867951,0,0,1,1200.01542615891,Init2,false,32,5.486853,13,4,0.006688963210702
pdtvisheap01.aig,4,33,1,1153,629,629,1,0,0.118260860443115,629,1,0,0.17885422706604,Init2,false,2,0.124731,1,629,1
